QR-VCenter.png,Target1-QR
QR-VLeft.png,Target2-QR
QR-VRight.png,Target3-QR
QR5.png,
QRT6.png,
QRTS1_1.png,
QRTS1_10.png,
QRTS1_2.png,
QRTS1_3.png,
QRTS1_4.png,
QRTS1_5.png,
QRTS1_6.png,
QRTS1_7.png,
QRTS1_8.png,
QRTS1_9.png,
QRTS1.png,
QRTS4-1-L1.png,
QRTS4-1-L2.png,
QRTS4-1-L3.png,
QRTS4-1-L4.png,
QRTS4-1-U1.png,
QRTS4-1-U2.png,
QRTS4-1-U3.png,
QRTS4-1-U4.png,
QRTS4-2-L1.png,
QRTS4-2-L2.png,
QRTS4-2-L3.png,
QRTS4-2-L4.png,
QRTS4-2-U1.png,
QRTS4-2-U2.png,
QRTS4-2-U3.png,
QRTS4-2-U4.png,
QRTS4-3-L1.png,
QRTS4-3-L2.png,
QRTS4-3-L3.png,
QRTS4-3-L4.png,
QRTS4-3-U1.png,
QRTS4-3-U2.png,
QRTS4-3-U3.png,
QRTS4-3-U4.png,
QRTS4-4-L1.png,
QRTS4-4-L2.png,
QRTS4-4-L3.png,
QRTS4-4-L4.png,
QRTS4-4-U1.png,
QRTS4-4-U2.png,
QRTS4-4-U3.png,
QRTS4-4-U4.png,
QRTS4-A2.png,
QRTS4-D5.png,
QRTS4-G5.png,
QRTS4-I2.png,
QRTS4-L4.png,
QRTS4-U2.png,
QRTS4-U3.png,
QRTS4.png,
QRV.png,
