QR5.png,Target
QRT6.png,T6Inside
QRTS1_1.png,vosmrW
QRTS1_2.png,xgduaW
QRTS1_3.png,rcpoiW
QRTS1_4.png,zxflgW
QRTS1_5.png,aadxdW
QRTS1_6.png,T2Sixth
QRTS1_7.png,T2Seventh
QRTS1_8.png,T2Eigth
QRTS1_9.png,T2Ninth
QRTS1_10.png,T2X
QR-VCenter.png,yuppdW
QR-VLeft.png,yuppdW
QR-VRight.png,yuppdW
QRTS1.png,T2practice
QRTS4-LBC-B.png,rjvehW
QRTS4-LBC-G.png,mwlwjW
QRTS4-LBC-R.png,rxdzlW
QRTS4-LBC-W.png,dkinzW
QRTS4-LBJ-B.png,sjgcdW
QRTS4-LBJ-G.png,muwprW
QRTS4-LBJ-R.png,kkhvlW
QRTS4-LBJ-W.png,pgnrmW
QRTS4-LFC-B.png,ngrjmW
QRTS4-LFC-G.png,yrooeW
QRTS4-LFC-R.png,jixfxW
QRTS4-LFC-W.png,thqrxW
QRTS4-LFJ-B.png,xrhdjW
QRTS4-LFJ-G.png,oqkftW
QRTS4-LFJ-R.png,ibwqvW
QRTS4-LFJ-W.png,rmljwW
QRTS4-RBC-B.png,fedlmW
QRTS4-RBC-G.png,lyvtlW
QRTS4-RBC-R.png,nshoxW
QRTS4-RBC-W.png,ckyvgW
QRTS4-RBJ-B.png,lyivzW
QRTS4-RBJ-G.png,kjgxlW
QRTS4-RBJ-R.png,rswbvW
QRTS4-RBJ-W.png,lhecqW
QRTS4-RFC-B.png,xykvpW
QRTS4-RFC-G.png,tselaW
QRTS4-RFC-R.png,batubW
QRTS4-RFC-W.png,uybdpW
QRTS4-RFJ-B.png,ioevtW
QRTS4-RFJ-G.png,xzufkW
QRTS4-RFJ-R.png,hpwduW
QRTS4-RFJ-W.png,qgjzzW
QRTS4-A1.png,pyqzjW
QRTS4-A2.png,uqvwgW
QRTS4-A3.png,elhlaW
QRTS4-A4.png,ppiisW
QRTS4-A5.png,hfvrpW
QRTS4-B1.png,fenknW
QRTS4-B2.png,nxwksW
QRTS4-B3.png,bzbflW
QRTS4-B4.png,knpslW
QRTS4-B5.png,rkrgdW
QRTS4-C1.png,idpujW
QRTS4-C2.png,idrwhW
QRTS4-C3.png,ghhcpW
QRTS4-C4.png,uvvqeW
QRTS4-C5.png,edgfgW
QRTS4-D1.png,usgzqW
QRTS4-D2.png,gqpprW
QRTS4-D3.png,dnwytW
QRTS4-D4.png,vjrlqW
QRTS4-D5.png,oresgW
QRTS4-E1.png,hxuotW
QRTS4-E2.png,ebvwuW
QRTS4-E3.png,jxdkcW
QRTS4-E4.png,kjeqaW
QRTS4-E5.png,coylhW
QRTS4-F1.png,qxpuoW
QRTS4-F2.png,glplwW
QRTS4-F3.png,cuguuW
QRTS4-F4.png,fweqrW
QRTS4-F5.png,jaonkW
QRTS4-G1.png,rpixjW
QRTS4-G2.png,tagdzW
QRTS4-G3.png,oipucW
QRTS4-G4.png,glgqhW
QRTS4-G5.png,wlpqpW
QRTS4-H1.png,evadnW
QRTS4-H2.png,rykbeW
QRTS4-H3.png,ieqrmW
QRTS4-H4.png,liyrvW
QRTS4-H5.png,ulgotW
QRTS4-I1.png,hzjnqW
QRTS4-I2.png,iknwxW
QRTS4-I3.png,xoznnW
QRTS4-I4.png,mnxfwW
QRTS4-I5.png,httqaW
QRTS4-L4.png,TargetK
QRTS4-U2.png,TargetN
QRTS4-U3.png,TargetG
QRTS4.png,TargetTS4
qr-tmp.png,TargetR
QRV.png,Target
